Workbook

Sheet annual
B1: GovernmentConsumption | C1: GovernmentInvestment | D1: Transfers | E1: OilRevenue | G1: Government Consumption | H1: Government Investment | I1: Transfers | J1: OilRevenue
A2: 2020 | B2: 0.002 | C2: -0.009 | D2: 0.001 | G2: =B2 | H2: =C2 | I2: =D2
A3: 2021 | B3: -0.011 | C3: 0.003 | D3: 0.009 | G3: =G2+B3 | H3: =H2+C3 | I3: =I2+D3
A4: 2022 | B4: -0.012 | C4: -0.003 | D4: 0.002 | G4: =G3+B4 | H4: =H3+C4 | I4: =I3+D4
A5: 2023 | B5: -0.004 | C5: 0 | D5: -0.005 | G5: =G4+B5 | H5: =H4+C5 | I5: =I4+D5
A6: 2024 | B6: -0.003 | C6: 0 | D6: -0.006 | G6: =G5+B6 | H6: =H5+C6 | I6: =I5+D6
A7: 2025 | B7: -0.002 | C7: -0.001 | D7: -0.004 | G7: =G6+B7 | H7: =H6+C7 | I7: =I6+D7
A10: Page 15 1ECUA2022001

Sheet quarterly
B1: Government Consumption | C1: Government Investment | D1: Transfers | E1: OilRevenue
A2: 2020Q1 | B2: 0.0005 | C2: -0.00225 | D2: 0.00025 | E2: -0.006
A3: 2020Q2 | B3: 0.001 | C3: -0.0045 | D3: 0.0005 | E3: -0.012
A4: 2020Q3 | B4: 0.0015 | C4: -0.00675 | D4: 0.00075 | E4: -0.018
A5: 2020Q4 | B5: 0.002 | C5: -0.009 | D5: 0.001 | E5: -0.024
A6: 2021Q1 | B6: -0.00075 | C6: -0.00825 | D6: 0.00325 | E6: -0.02225
A7: 2021Q2 | B7: -0.0035 | C7: -0.0075 | D7: 0.0055 | E7: -0.0205
A8: 2021Q3 | B8: -0.00625 | C8: -0.00675 | D8: 0.00775 | E8: -0.01875
A9: 2021Q4 | B9: -0.009 | C9: -0.006 | D9: 0.01 | E9: -0.017
A10: 2022Q1 | B10: -0.012 | C10: -0.00675 | D10: 0.0105 | E10: -0.0055
A11: 2022Q2 | B11: -0.015 | C11: -0.0075 | D11: 0.011 | E11: 0.006
A12: 2022Q3 | B12: -0.018 | C12: -0.00825 | D12: 0.0115 | E12: 0.0175
A13: 2022Q4 | B13: -0.021 | C13: -0.009 | D13: 0.012 | E13: 0.029
... A25: 2025Q4 | B25: -0.03 | C25: -0.01 | D25: -0.003 | E25: -0.009

Sheet oil_revenue
B1: level | C1: difference | D1: level
A2: 2019 | B2: 7.3 | C2: 0
A3: 2020 | B3: 4.9 | C3: =(B3-B2)/100 | D3: =C3
A4: 2021 | B4: 5.6 | C4: =(B4-B3)/100 | D4: =C4+C3
A5: 2022 | B5: 7.8 | C5: =(B5-B4)/100 | D5: =C5+C4
A6: 2023 | B6: 7.4 | C6: =(B6-B5)/100 | D6: =C6+C5
A7: 2024 | B7: 6.9 | C7: =(B7-B6)/100 | D7: =C7+C6
A8: 2025 | B8: 6.5 | C8: =(B8-B7)/100 | D8: =C8+C7

Sheet annual_levels
B1: GovernmentConsumption | C1: GovernmentInvestment | D1: Transfers | E1: OilRevenue | F1: GDP | G1: US GDP Deflator | H1: Ecuador GDP Deflator | L1: GovernmentConsumption/GDP | M1: GovernmentInvestment/GDP | N1: Transfers/GDP | O1: OilRevenue/GDP | P1: pp change wrt 2019
A2: 2019 | B2: =10190+4642+5749 | C2: 8265 | D2: =2353+1016 | E2: =55.1*193.8 | F2: 108108 | G2: 103.975 | H2: 1 | K2: 2019 | L2: =B2/$F2 | M2: =C2/$F2 | N2: =D2/$F2 | O2: =E2/$F2 | P2: GovernmentConsumption | Q2: GovernmentInvestment | R2: Transfers | S2: OilRevenue
A3: 2020 | B3: =11394+2461+6830 | C3: 5813 | D3: =1091+1446 | E3: =35.6*175.4 | F3: 99291 | G3: 105.346 | H3: =H2*(1-0.004) | K3: 2020 | L3: =B3/$F3 | M3: =C3/$F3 | N3: =D3/$F3 | O3: =E3/$F3 | P3: =L3-L$2 | Q3: =M3-M$2 | R3: =N3-N$2 | S3: =O3-O$2
A4: 2021 | B4: =11153+2504+7178 | C4: 6594 | D4: =2214+1974 | E4: =62*172.6 | F4: 106166 | G4: 110.142 | H4: =H3*(1.026) | K4: 2021 | L4: =B4/$F4 | M4: =C4/$F4 | N4: =D4/$F4 | O4: =E4/$F4 | P4: =L4-L$2 | Q4: =M4-M$2 | R4: =N4-N$2 | S4: =O4-O$2
A5: 2022 | B5: =11133+2434+7586 | C5: 6857 | D5: =2988+1998 | E5: =83.4*179.3 | F5: 115469 | G5: 118.016 | H5: =H4*(1+0.057) | K5: 2022 | L5: =B5/$F5 | M5: =C5/$F5 | N5: =D5/$F5 | O5: =E5/$F5 | P5: =L5-L$2 | Q5: =M5-M$2 | R5: =N5-N$2 | S5: =O5-O$2
A6: 2023 | B6: =11196+2492+7957 | C6: 7242 | D6: =2558+1875 | E6: =75.3*186.1 | F6: 120292 | G6: 122.266 | H6: =H5*(1+0.015) | K6: 2023 | L6: =B6/$F6 | M6: =C6/$F6 | N6: =D6/$F6 | O6: =E6/$F6 | P6: =L6-L$2 | Q6: =M6-M$2 | R6: =N6-N$2 | S6: =O6-O$2
A7: 2024 | B7: =11315+2445+8176 | C7: 7369 | D7: =2002+1875 | E7: =68.9*189.2 | F7: 124578 | G7: 125.532 | H7: =H6*(1+0.008) | K7: 2024 | L7: =B7/$F7 | M7: =C7/$F7 | N7: =D7/$F7 | O7: =E7/$F7 | P7: =L7-L$2 | Q7: =M7-M$2 | R7: =N7-N$2 | S7: =O7-O$2
A8: 2025 | B8: =11494+2477+8515 | C8: 7469 | D8: =1488+1875 | E8: =63.1*192.5 | F8: 128795 | G8: =G7*1.02 | H8: =H7*(1+0.006) | K8: 2025 | L8: =B8/$F8 | M8: =C8/$F8 | N8: =D8/$F8 | O8: =E8/$F8 | P8: =L8-L$2 | Q8: =M8-M$2 | R8: =N8-N$2 | S8: =O8-O$2
B10: Real Levels
B11: GovernmentConsumption | C11: GovernmentInvestment | D11: Transfers | E11: OilRevenue
A12: 2019 | B12: =B2/$H2 | C12: =C2/$H2 | D12: =D2/($G2/100) | E12: =E2/($G2/100)
A13: 2020 | B13: =B3/$H3 | C13: =C3/$H3 | D13: =D3/($G3/100) | E13: =E3/($G3/100)
A14: 2021 | B14: =B4/$H4 | C14: =C4/$H4 | D14: =D4/($G4/100) | E14: =E4/($G4/100)
A15: 2022 | B15: =B5/$H5 | C15: =C5/$H5 | D15: =D5/($G5/100) | E15: =E5/($G5/100)
A16: 2023 | B16: =B6/$H6 | C16: =C6/$H6 | D16: =D6/($G6/100) | E16: =E6/($G6/100)
A17: 2024 | B17: =B7/$H7 | C17: =C7/$H7 | D17: =D7/($G7/100) | E17: =E7/($G7/100)
A18: 2025 | B18: =B8/$H8 | C18: =C8/$H8 | D18: =D8/($G8/100) | E18: =E8/($G8/100)
B20: Real Growth Rates
B21: GovernmentConsumption | C21: GovernmentInvestment | D21: Transfers | E21: OilRevenue
A22: 2019
A23: 2020 | B23: =B13/B12-1 | C23: =C13/C12-1 | D23: =D13/D12-1 | E23: =E13/E12-1
A24: 2021 | B24: =B14/B13-1 | C24: =C14/C13-1 | D24: =D14/D13-1 | E24: =E14/E13-1
A25: 2022 | B25: =B15/B14-1 | C25: =C15/C14-1 | D25: =D15/D14-1 | E25: =E15/E14-1
A26: 2023 | B26: =B16/B15-1 | C26: =C16/C15-1 | D26: =D16/D15-1 | E26: =E16/E15-1
A27: 2024 | B27: =B17/B16-1 | C27: =C17/C16-1 | D27: =D17/D16-1 | E27: =E17/E16-1
A28: 2025 | B28: =B18/B17-1 | C28: =C18/C17-1 | D28: =D18/D17-1 | E28: =E18/E17-1

Sheet quarterly_levels
B1: Government Consumption | C1: Government Investment | D1: Transfers | E1: OilRevenue
A2: 2019Q1 | B2: 5096.7275 | C2: 2460.4609 | D2: 1009.783 | E2: 3419.348
A3: 2019Q2 | B3: 5134.9776 | C3: 2165.9347 | D3: 853.43991 | E3: 2766.7726
A4: 2019Q3 | B4: 5164.3751 | C4: 1918.9869 | D4: 731.87893 | E4: 2241.2478
A5: 2019Q4 | B5: 5184.9198 | C5: 1719.6175 | D5: 645.10009 | E5: 1842.7735
A6: 2020Q1 | B6: 5196.6118 | C6: 1567.8266 | D6: 593.10339 | E6: 1571.3499
A7: 2020Q2 | B7: 5199.4511 | C7: 1463.6141 | D7: 575.88882 | E7: 1426.9768
A8: 2020Q3 | B8: 5193.4377 | C8: 1406.9801 | D8: 593.45639 | E8: 1409.6542
A9: 2020Q4 | B9: 5178.5717 | C9: 1397.9245 | D9: 645.8061 | E9: 1519.3823
A10: 2021Q1 | B10: 5149.3451 | C10: 1583.5518 | D10: 857.84731 | E10: 2106.3436
A11: 2021Q2 | B11: 5118.9767 | C11: 1610.8113 | D11: 929.79754 | E11: 2330.0997
A12: 2021Q3 | B12: 5081.9588 | C12: 1626.8077 | D12: 986.56617 | E12: 2540.8334
A13: 2021Q4 | B13: 5038.2913 | C13: 1631.5407 | D13: 1028.1532 | E13: 2738.5446
... A29: 2025Q4 | B29: 5106.4831 | C29: 1683.5934 | D29: 617.42168 | E29: 2297.212

Sheet quarterly_gr
B1: Government Consumption | C1: Government Investment | D1: Transfers | E1: OilRevenue | F1: OilRevenue_up | G1: OilRevenue_down
A2: 2020q1 | B2: =quarterly_levels!B7/quarterly_levels!B6 | C2: =quarterly_levels!C7/quarterly_levels!C6 | D2: =quarterly_levels!D7/quarterly_levels!D6 | E2: =quarterly_levels!E7/quarterly_levels!E6 | F2: =quarterly_levels!F7/quarterly_levels!F6 | G2: =quarterly_levels!G7/quarterly_levels!G6
B3: =quarterly_levels!B8/quarterly_levels!B7 | C3: =quarterly_levels!C8/quarterly_levels!C7 | D3: =quarterly_levels!D8/quarterly_levels!D7 | E3: =quarterly_levels!E8/quarterly_levels!E7 | F3: =quarterly_levels!F8/quarterly_levels!F7 | G3: =quarterly_levels!G8/quarterly_levels!G7
B4: =quarterly_levels!B9/quarterly_levels!B8 | C4: =quarterly_levels!C9/quarterly_levels!C8 | D4: =quarterly_levels!D9/quarterly_levels!D8 | E4: =quarterly_levels!E9/quarterly_levels!E8 | F4: =quarterly_levels!F9/quarterly_levels!F8 | G4: =quarterly_levels!G9/quarterly_levels!G8
B5: =quarterly_levels!B10/quarterly_levels!B9 | C5: =quarterly_levels!C10/quarterly_levels!C9 | D5: =quarterly_levels!D10/quarterly_levels!D9 | E5: =quarterly_levels!E10/quarterly_levels!E9 | F5: =quarterly_levels!F10/quarterly_levels!F9 | G5: =quarterly_levels!G10/quarterly_levels!G9
B6: =quarterly_levels!B11/quarterly_levels!B10 | C6: =quarterly_levels!C11/quarterly_levels!C10 | D6: =quarterly_levels!D11/quarterly_levels!D10 | E6: =quarterly_levels!E11/quarterly_levels!E10 | F6: =quarterly_levels!F11/quarterly_levels!F10 | G6: =quarterly_levels!G11/quarterly_levels!G10
B7: =quarterly_levels!B12/quarterly_levels!B11 | C7: =quarterly_levels!C12/quarterly_levels!C11 | D7: =quarterly_levels!D12/quarterly_levels!D11 | E7: =quarterly_levels!E12/quarterly_levels!E11 | F7: =quarterly_levels!F12/quarterly_levels!F11 | G7: =quarterly_levels!G12/quarterly_levels!G11
B8: =quarterly_levels!B13/quarterly_levels!B12 | C8: =quarterly_levels!C13/quarterly_levels!C12 | D8: =quarterly_levels!D13/quarterly_levels!D12 | E8: =quarterly_levels!E13/quarterly_levels!E12 | F8: =quarterly_levels!F13/quarterly_levels!F12 | G8: =quarterly_levels!G13/quarterly_levels!G12
B9: =quarterly_levels!B14/quarterly_levels!B13 | C9: =quarterly_levels!C14/quarterly_levels!C13 | D9: =quarterly_levels!D14/quarterly_levels!D13 | E9: =quarterly_levels!E14/quarterly_levels!E13 | F9: =quarterly_levels!F14/quarterly_levels!F13 | G9: =quarterly_levels!G14/quarterly_levels!G13
B10: =quarterly_levels!B15/quarterly_levels!B14 | C10: =quarterly_levels!C15/quarterly_levels!C14 | D10: =quarterly_levels!D15/quarterly_levels!D14 | E10: =quarterly_levels!E15/quarterly_levels!E14 | F10: =quarterly_levels!F15/quarterly_levels!F14 | G10: =quarterly_levels!G15/quarterly_levels!G14
B11: =quarterly_levels!B16/quarterly_levels!B15 | C11: =quarterly_levels!C16/quarterly_levels!C15 | D11: =quarterly_levels!D16/quarterly_levels!D15 | E11: =quarterly_levels!E16/quarterly_levels!E15 | F11: =quarterly_levels!F16/quarterly_levels!F15 | G11: =quarterly_levels!G16/quarterly_levels!G15
B12: =quarterly_levels!B17/quarterly_levels!B16 | C12: =quarterly_levels!C17/quarterly_levels!C16 | D12: =quarterly_levels!D17/quarterly_levels!D16 | E12: =quarterly_levels!E17/quarterly_levels!E16 | F12: =quarterly_levels!F17/quarterly_levels!F16 | G12: =quarterly_levels!G17/quarterly_levels!G16
B13: =quarterly_levels!B18/quarterly_levels!B17 | C13: =quarterly_levels!C18/quarterly_levels!C17 | D13: =quarterly_levels!D18/quarterly_levels!D17 | E13: =quarterly_levels!E18/quarterly_levels!E17 | F13: =quarterly_levels!F18/quarterly_levels!F17 | G13: =quarterly_levels!G18/quarterly_levels!G17
B14: =quarterly_levels!B19/quarterly_levels!B18 | C14: =quarterly_levels!C19/quarterly_levels!C18 | D14: =quarterly_levels!D19/quarterly_levels!D18 | E14: =quarterly_levels!E19/quarterly_levels!E18 | F14: =quarterly_levels!F19/quarterly_levels!F18 | G14: =quarterly_levels!G19/quarterly_levels!G18
... B25: =quarterly_levels!B30/quarterly_levels!B29 | C25: =quarterly_levels!C30/quarterly_levels!C29 | D25: =quarterly_levels!D30/quarterly_levels!D29 | E25: =quarterly_levels!E30/quarterly_levels!E29 | F25: =quarterly_levels!F30/quarterly_levels!F29 | G25: =quarterly_levels!G30/quarterly_levels!G29
